year,geo,sector_code,sector,emissions_mio_t,total_mio_t,share_pct
2023,ES,CRF1,Energía,203.475990,269.967640,75.3705
2023,ES,CRF2,Procesos industriales,19.943320,269.967640,7.3873
2023,ES,CRF3,Agricultura,32.885060,269.967640,12.1811
2023,ES,CRF5,Residuos,13.663270,269.967640,5.0611
2023,EU27_2020,CRF1,Energía,2363.954810,3105.624990,76.1185
2023,EU27_2020,CRF2,Procesos industriales,264.783770,3105.624990,8.5259
2023,EU27_2020,CRF3,Agricultura,364.936120,3105.624990,11.7508
2023,EU27_2020,CRF5,Residuos,108.508380,3105.624990,3.4939
